{
  "images": [
    {
      "scale": "1x",
      "size": "29x29",
      "idiom": "iphone",
      "filename": "Icon-Small.png"
    },
    {
      "scale": "2x",
      "size": "29x29",
      "idiom": "iphone",
      "filename": "Icon-Small@2x.png"
    },
    {
      "scale": "3x",
      "size": "29x29",
      "idiom": "iphone",
      "filename": "Icon-Small@3x.png"
    },
    {
      "scale": "2x",
      "size": "40x40",
      "idiom": "iphone",
      "filename": "Icon-Small-40@2x.png"
    },
    {
      "scale": "3x",
      "size": "40x40",
      "idiom": "iphone",
      "filename": "Icon-Small-40@3x.png"
    },
    {
      "scale": "1x",
      "size": "57x57",
      "idiom": "iphone"
    },
    {
      "scale": "2x",
      "size": "57x57",
      "idiom": "iphone"
    },
    {
      "scale": "2x",
      "size": "60x60",
      "idiom": "iphone",
      "filename": "Icon-60@2x.png"
    },
    {
      "scale": "3x",
      "size": "60x60",
      "idiom": "iphone",
      "filename": "Icon-60@3x.png"
    },
    {
      "scale": "1x",
      "size": "29x29",
      "idiom": "ipad",
      "filename": "Icon-Small.png"
    },
    {
      "scale": "2x",
      "size": "29x29",
      "idiom": "ipad",
      "filename": "Icon-Small@2x.png"
    },
    {
      "scale": "1x",
      "size": "40x40",
      "idiom": "ipad",
      "filename": "Icon-Small-40.png"
    },
    {
      "scale": "2x",
      "size": "40x40",
      "idiom": "ipad",
      "filename": "Icon-Small-40@2x.png"
    },
    {
      "scale": "1x",
      "size": "50x50",
      "idiom": "ipad"
    },
    {
      "scale": "2x",
      "size": "50x50",
      "idiom": "ipad"
    },
    {
      "scale": "1x",
      "size": "72x72",
      "idiom": "ipad"
    },
    {
      "scale": "2x",
      "size": "72x72",
      "idiom": "ipad"
    },
    {
      "scale": "1x",
      "size": "76x76",
      "idiom": "ipad",
      "filename": "Icon-76.png"
    },
    {
      "scale": "2x",
      "size": "76x76",
      "idiom": "ipad",
      "filename": "Icon-76@2x.png"
    }
  ],
  "properties": {},
  "info": {
    "version": 1,
    "author": "xcode"
  }
}