{
  "images": [
    {
      "orientation": "portrait",
      "extent": "full-screen",
      "scale": "1x",
      "size": "320x480",
      "idiom": "iphone",
      "filename": "Default.png"
    },
    {
      "orientation": "portrait",
      "extent": "full-screen",
      "scale": "2x",
      "size": "640x960",
      "idiom": "iphone",
      "filename": "Default@2x.png"
    },
    {
      "orientation": "portrait",
      "extent": "full-screen",
      "subtype": "retina4",
      "scale": "2x",
      "size": "640x1136",
      "idiom": "iphone",
      "filename": "Default-568h@2x.png"
    },
    {
      "orientation": "portrait",
      "extent": "full-screen",
      "scale": "1x",
      "size": "768x1024",
      "idiom": "ipad",
      "filename": "Default-Portrait.png"
    },
    {
      "orientation": "portrait",
      "extent": "full-screen",
      "scale": "2x",
      "size": "1536x2048",
      "idiom": "ipad",
      "filename": "Default-Portrait@2x.png"
    }
  ],
  "properties": {},
  "info": {
    "version": 1,
    "author": "xcode"
  }
}